nome,crediti,username,hash_password,id_telegram
ZeroDayz FC,39,zero_dayz_fc,scrypt:32768:8:1$0vDe7lYLpwG44nRE$00d8357e69defbff12fbf5e8f26e909d0d91b3df9240da8b67dae8346534123f0f85b2d8402f874c0dfe4884bdf74b04d04718d863a00f58d314c574a8a7774d,[452469383]
Svincolato,0,NULL,NULL,
Sborada,64,sborada,scrypt:32768:8:1$cMK3MXtybQyxvdxT$f17b8e21b94c941c55ea86bca9714d30b65111eecceec40cc0f23a29b67c79d620a552b2d57bbc45e966b9f638b02315a527e7b6d52b8d99a7f7b87a40f5671b,"[551633095, 5089544072]"
CyberDucks,71,cyber_ducks,scrypt:32768:8:1$k2RJXG6KSPCgIT23$00bb7aad0d47ef3af38f71e56bb1032041bca0de506f18446475fa9ad689675cc71341f024ca971fd8cf4f2f77cf96503b4611fc161c158c021dfa0e0fa25d09,"[834828136, 436491817]"
Baby Reijnders,35,baby_reijnders,scrypt:32768:8:1$7JYcIoL5j3g1qy2X$41121cc20d3c2d1dfd56084b53b581beba5f5d94492e948f17709999ea443b4ed4d17b71e6bdad0d54e7f256ef8090eca9d7565189f52e37decaa08b22c4b598,[6499376443]
Metodo Monchi FC,104,metodo_monchi_fc,scrypt:32768:8:1$PHkCGVBVB7nGEZf4$97b81a3162062d885968f94d01faf5a1d0d97c5c622dd0bfd42ad82b53b10e6aa59b2e650a4bebf9f8813b80a61b4a0c63d96ac958ef3fc7693ba67949f74505,"[190054079, 881732256]"
Diaolo Porco,102,diaolo_porco,scrypt:32768:8:1$BNpueBUXfOUEvyvX$9ab58f54ffd5d1f3104a8e0107679593f1aa3061f9a4fc81d16aa42601f10098d324a787383bfa84bd594fbb7279617f83ee53003b5ba90302db74b992bf5061,"[234935660, 32466250]"
AC Ciaccati,14,ac_ciaccati,scrypt:32768:8:1$QYASCcLKw2luXPpS$4a18e38ebead5654cc0a2ac4bbeb89fb7ff2291a2499ea02315a295734618b4899efbffa0f86a0fbe39b7061cd25aa661db8c4286053592dd1d4b583c8fa1a68,"[414131001, 217221946]"
FC Sovescio,47,fc_sovescio,scrypt:32768:8:1$fe2ZP1rmVhBnyLQ5$8af7560bff5e3793ef455bd503042556612626c362fe8612a08373339cc6cedb4b2da0f11e342ba548b9484baed3136a9e34c7c4bb7459dae4e285c2688860a9,"[102145808, 6302821519]"
FC Pontos,37,fc_pontos,scrypt:32768:8:1$fC890GyA8VCPy8rI$3fd7e036c835b7dfc01ea3c6c8ad1b3c8a8ee0b1c6d3af452619545da84c5016e462b11fdb931dd4e062c00a2d2a42e444378ae7a219bc6d9a0eacd5641fce00,"[840250631, 600053063]"
Diablitos FC,73,diablitos_fc,scrypt:32768:8:1$Cl95HxBTuQXFD22N$a9df5cb96c3d76c5b3e37c31d52d01f2e2d39268f3d28c533ba65ef91854d1671edc5c51c82ef9df687a41fc96eb4a4a35dc76cbf6b44e5a7ccb633ccae5b36f,"[522943090, 851601277]"
